pno	protocol	account	inves	avail	title	research	reqname
19721503			bowman	r	hypothesis behavior in monkeys		
19730221			unknown	r	development of sexual behavior		
19820601	p00034		dierschke	r	reproductive efficiency in postpartum monkeys		
19901101	g00106	204	terasawa	r	regulation of the gnRH pulse generating system	true	
19921001	g00173	pu89	abbott/dumesic	r	ovarian dysfunction in female rhesus monkeys	true	
19930701	g00193	997	hearn	r	antisera production in rhesus macaques	true	
19710501			weisbard	r	dominance in stumptails		
19850903	p00006	701	kemnitz	r	diet-induced thermogenesis	true	
19890602	p00108	n788	macewen	r	endocrine and nutritional aspects of aging	true	
19930301	g00179	cw37	holden	r	brain catabolism of l-dopa analogues	true	
19990101	g00322	prj22ch	kemnitz	r	effect of tech lab diet on liver enzymes	true	
100606			gartlan	u	unassigned animal utilizations		
19720506			goldfoot	r	hypothesis behavior		
19740309			goy	r	hypothalamic lesions		
19760402			unknown	r	reaction time pilot		
19761003			don meyer	r	neuroendocrine control of ovulation & behavior		
19781201			sholl	r	cholesterol metabolism		
19810102			goy/cadwallader	r	male arousal study		
19871002	p00076	203	golos	r	mRNA in follicles	true	
19880301	p00083	on102	macewen	r	hypocholesterolemic activity of dhea in rhesus monkey	true	
19890301	p00105		dewaal	r	social cognition of capuchin monkeys		
19920202	g00163	s755	kemnitz	r	glucose neurotoxicity	true	
19730601			bowman	r	effects of different ataractics on stress situations		
19760411			goy	r	development of sexual behavior in infant groups		
19761202			stone	r	passive immunization of newborn rhesus		
19780201			wolf	r	follicle development		
19790401		905	bioservices	n	blood drawing	true	
19811103			goy/suomi/scanlon	r	cortisol in castrates		
19870701	p00052	aa94	coe/lubach	r	rearing and immune responses	true	
19910403	g00137	701	ershler	r	age differences in angiogenesis	true	
100613		on613	uno	u	unassigned animal utilizations	true	
19730305			stone	r	immunoglobulin immunization		
19740508			terasawa	r	electrical stimulation of the hypothalamus gonadotropin secretion		
19760706			dierschke	r	ovarian ligation study		
19770901			dewied/toivola/goy	r	behavioral effect of peptide administration		
19790203			center resources	u	loaned to yerkes		
19800802			goy	r	peripubertal monkeys		
19810601	p00020	f569b	uno	r	skin biology	true	
19901003	g00112	r564	uno	r	effect of TC1031 on baldness (procyte)	true	
19970704	g00273	prj22ch	kemnitz	r	study of age related bone changes in male and female monkeys	true	
19691081			thompson/preslan	r	intelligence of pku monkeys		
19711205			bielert/goy	r	behavior in castrated infant males		
19721005			goy/wallen	r	goy-wallen project		
19820901	l00012		dierschke	r	direct application of steroids to ovaries		
19870901	p00071		vandenbergh/goy	r	physiological and psychological adaptations of monkeys during socialization		
19910902	g00146	w515et	terasawa	r	LHRH Neurosecretory Neurons	true	
19940901	g00234	t591	kemnitz/shenker	r	atrial natriuretic peptide antagonist and it's effect on aldosterone	true	
19950601	g00122	fc01	laughlin	r	alterations of biomarkers for low dose lead exposure in aging monkeys	true	
19670168			eisele/domek/eisele	r	family group breeders		
19730208			goy	r	castrate sex behavior (euniks)		
19741002			rapacz	r	atherosclerosis study		
19750101			toivola	r	mcr-testosterone in male rhesus		
19860402	p00089	q811	uno	r	stumptail breeding and developmental study	true	
19910601	g00140	km22	abbott	r	formation of social groups in marmosets	true	
19951201	g00253	af56	kemnitz	e	energy metabolism and the ob protein in obese rhesus monkeys	true	
100402		on402	colony	u	unassigned animal utilizations	true	
19730217			goy	r	development of sex behavior (approach)		
19741201			terasawa	r	brain involvement of lh release		
19850501		c109	kaufman	r	aging effects on eye	true	
19880103	p00082		goy/bercovitch/jian	r	testosterone and female behavior		
19880402	p00041		betley	r	emetic activity of staph enterotoxin		
19950103	g00233	fe12	golos	r	primate trophoblast siv infection	true	
100101			state lab of hygiene	u	unassigned animal utilizations		
19750301			goy/alsum	r	estrogen induction of mating behavior		
19910801	g00144	s755	kemnitz	e	effects of u-10483 on food intake and body composition	true	
19670883			waisman	r	soybean protein malnutrition		
19730102			desai	r	hormone effect on blood enzymes		
19751101			toivola/czaja	r	metabolic influence of estradiol		
19760703			czaja	r	cholesterol levels in hormone treated rhesus		
19780301	g00101	pg49	center breed	u	center breeding colony nonexperimental	false	
19891201	p00116	v607p	kalin	r	brain hormonal response to seperation-EEG	true	
19940803	g00225	es40	schramm	r	folli:culogenesis oocyte maturation and embryo development in rhesus monkeys	true	
100301		905	ria	u	unassigned animal utilizations	true	
19680534			gluck	r	behavior modification		
19700205			wolf	r	control of spermatogenesis		
19760102			davenport	r	cretinism		
19760407	g00101	pg49	bio-behavior	u	stumptail breeding troop	false	
19820201			uno	r	effects of hypogastric neurectomy		
19920702	p00139	b103	kraemer	r	primate models of depression	true	
100609		on609	kemnitz	u	unassigned animal utilizations	true	
19730301			dierschke	r	center reserves-on hold		
19800601			kemnitz	r	ovarian hormones & eating		
19920101	g00131	201	bavister	r	early embryonic development in the rhesus monkey	true	
19931002	g00207	r908	j.murphy	r	serum biochemistry of s. oedipus	true	
19971101	g00288	w515et	terasawa	e	basic neural circitry for sexual behavior in non human primates	true	
19711201			unknown	r	center-unassigned		
19771202			hall	r	spinal cord lesion		
19881201	p00086		dewaal	r	cross-species rearing		
100504		on504	histopathology	u	unassigned animal utilizations	true	
19600172			eisele	r	primate lab breeding colony		
19721010			davenport	r	hold for davenport		
19730204			wolf	r	on hold		
19760605			kemnitz	r	effect of lateral hypothalamic lesion on feeding		
19790102			center resources	u	bushbaby breeding colony		
19791002			robinson	r	aged male study		
19870301	p00004	bc50	coe	r	male immunity	true	
19870601	p00022		laughlin	r	presbyopia: psychophysical measures in an animal model		
19920301	g00166	n121	binkley/ershler	r	effect of exogenous interleukin-6	true	
100994			southwest foundation/vandeberg	u	unassigned animal utilizations		
19680892			eisele	r	center stump breeding colony		
19730213			goy	r	infant castrate study (incest)		
19730804			director	u	unassign-unavailable		
19740101			terasawa	r	pharmacological blockade of ovulation		
19750106			davenport	r	conflict behavior and thyroid level		
19800402			robinson/dierschke	r	hormonal patterns in perimenopausal rhesus		
19930102	g00179	cw37	holden	r	brain catabolism of l-dopamine	true	
19970902	g00290	bn64	uno	r	effect of antiandrogen on follicular growth	true	
19690162			kerr	r	developmental biology breeders		
19700804			harlow	r	on hold		
19720604			noise study	r	sos project		
19730222			houser	u	center reserves		
19740901			updike	r	rbc survival time		
19820602			robinson	r	pulsatile hormone secretion in aged monkeys		
19900201	g00083	js15a	kaufman	r	anterior ocular segment physiology and pharmacology	true	
19930702	g00180	da53	parks	r	laboratory animal training program	true	
19670879			davenport	r	postnatal thyroid study		
19710502			davenport	r	malnutrition and intelligence		
19740301			center resources	u	hypophysectomized monkeys		
19810301	g00101	pg49	bio-behavior	u	delta breeding troop	false	
19840701	g00101	pg49	center resources	u	aging colony	false	
19851101			goy/kemnitz	r	myogenesis in aged females		
19910501	g00139		dierschke	r	use of echogenic markers in ultrasound examination		
100607			goldfoot	u	unassigned animal utilizations		
19710703			walcott	r	effect of ferrocene		
19741101			wolf/sholl	r	corpus luteum metabolism		
19761004			goldfoot	r	sex behavior of adrenal suppressed stumptail females		
19781202			center resources	u	lent to yerkes		
19810103			bergdoll/riser	r	staphylococcus enterotoxin administration		
19821101			center resources	u	gamma breeding troop		
19890302	m00555	js15a	kaufman	r	age related loss of ciliary muscle function	true	
19940601	p00129	2073s	coe	r	prenatal stess and immune responsiveness	true	
19730602			toivola	r	neuroendocrinology study		
19760412			goy	r	development of sexual behavior in restrained mother groups		
19761203			toivola	r	parasympathetic effect on reproduction		
19870702	p00040	806	schultz	r	pathogenesis of retroviruses in rhesus macaques	true	
19880501	p00088		goy	r	baseline activity establishment		
19960902	g00168	pg49	boehm	r	matc training program	true	
100614			wolf	u	unassigned animal utilizations		
100991	g00101	991v	united vet lab	u	unassigned animal utilizations	true	
19640943			stone	r	immunogenetic studies on rhesus monkeys		
19681241			stone	r	fetal incompatibility		
19770902			dierschke	r	hcg administration to cyclic monkeys		
19790204			goy	r	hypothalamic lesions & female reproductive behavior		
19800803			sholl	r	testosterone metabolism		
19810602			goy/suomi/higley	r	sex hormones correlates of depression: once a month?		
19850201			goldfoot	r	physiologic sexual arousal		
19890801	p00126	aw14	laughlin	r	mobilization of lead during pregnancy	true	
19891101	p00127	y196a	uno	r	effects of tretinoin	true	
19901004	g00097	t656	wong	r	staph enterotoxin study	true	
19950501	l00157	2073w	coe	r	endometriosis in the aged female rhesus monkey	true	
19721006			center resource	u	zoo troop		
19801201			bleier	r	hypothalamic cytoarchitectonics & sexual dimorphism		
19910903	g00147	204	hearn	r	primate embryo and oocyte production	true	
19921201	g00101	pg49	center	v	culture positive retrovirus animals	false	
19940902	g00212	es92a	ershler	r	modular urinary tract infection in elderly females	true	
19950201	g00071	pg49	hearn	r	sale and distribution of tissue from research animals	true	
19671285			c. eisele	r	nuclear family		
19730209			goy	r	castrate sex behavior (action)		
19750102			goy	r	expression of mounting behavior in prepuberal rhesus		
19771101			clancy	r	surgical reconstruction of knee		
19850401	p00096		goy	r	pilot - des		
19910602	g00068	cg24f	welch	r	structure and function of staph enterotoxin	true	
19940301	g00222	y543a	binkley	r	use of fluorochrome markers as bone labeling agents in rhesus monkeys	true	
19951202	g00245	pf72	golos	r	maternal-fetal immune tolerance	true	
100403			aging	u	unassigned animal utilizations		
19730218			goy	r	development of sex behavior (quiet-monks)		
19740603			goldfoot/wallen	r	stilbestrol study		
19770501			dierschke	r	castrated animals for hypophysectomy		
19790901			bridson	r	testosterone suppression of gonadotropin levels		
19830801			kemnitz	r	sugar intake and caloric regulation		
19850502			goy/hirshfield	r	ovarian autoradiography study		
19940103	g00209	js15a	kaufman	r	eye pigmentation changes as a function of age in rhesus monkeys	true	
19950104	g00224	pg49	j.murphy	r	restraint, anesthesia and physical examination of non-human primates	false	
19980701	g00287	frdmn	kemnitz	r	development of a primate model of menopausal hot flashs	true	
300906	g00101	pg52	clinical	u	control blood for protein assay	true	
19700303			henry/bowman	r	brain metabolism and learning		
19800301			robinson/bridson/chandrashekar	r	Lh & prolactin regulation of androgen		
19841101			goy/sladky	r	pubertal sex behavior		
19910802	g00145	208	bauers	r	reproductive success and gene flow in social groups of stumptailed macaques	true	
19970801	g00270	y196a	uno	r	prenatal dexamethasone and mri	true	
100603		on603	claude	u	unassigned animal utilizations	true	
19660128			eisele/allen	r	pathology breeders		
19720503			bowman	r	hold pschochemical		
19751102			terasawa	r	reserpine and estrogen effect on lh release		
19860601		3163	coe	r	lymphocyte proliferation response	true	
19930601	g00196		c.murphy	r	retinoscopy in aged rhesus		
19970501	g00146	gz75	terasawa	r	mechanism of puberty	true	
100302		on302	protein assay	u	unassigned animal utilizations	true	
300650	g00101	650	genetics	u	unassigned animal utilizations	false	
19700206			wolf	r	implantation and early pregnancy		
19760408	g00101	pg49	bio-behavior	u	wild breeding troop	false	
19800501			goy/goldfoot	r	adult triad study		
19931201	g00119	fe12	golos	r	primate trophoblast gene expression	true	
100610			robinson	u	unassigned animal utilizations		
19730302			allen	r	on hold		
19800602			dierschke	r	foll-two cell theory		
19840201		701	kemnitz	r	obesity and eating behaviors	true	
19880201	p00073	701	kemnitz	e	effects of nutrition and age on glucoregulation	true	
19890201	p00112		deputte	r	behavioral effects of anti-androgens		
19920102	g00131	201	bavister	r	active immunization against inhibin in the rhesus monkey	true	
19930801	g00081	y196a	uno	r	hg91 on follicular growth (shiseido)	true	
19970701	g00148	gg48	saltzman	r	mechanisms of socially induced adrenocortical suppression	true	
19980401	g00148	gx88	saltzman	r	absence of estrogen-depletion bone loss in marmosets	true	
19711202			goy	u	on hold		
19760303			unknown	r	estrogen levels following estradiol benzoate treatment		
19780101	g00146	qu31	terasawa	r	hypothalamic control of puberty	true	
19791201			stone	r	immunogenetic studies on cynos		
19960801	g00145	208a	kemnitz	r	reproductive success and gene flow in social groups of stumptailed macaques	true	
19990201	g00308	prj18cx	kalin	r	functional role of amygdala	true	
19720203			eisele	r	breeding troop no. 1		
19730205			goy	r	castrate sex behavior (travel)		
19731101			dierschke	r	samples taken from testicular artery		
19790103			dierschke	r	cutaneous thermograms		
19870302			goy/bercovitch/bridson	r	male estrogen		
19880901	l00015	998	mckinney	r	early maternal separations and vulnerability to later peer separation	true	
19920302	g00162	s509	wolff	r	particle mediated gene transfer	true	
100995			affilated project/rapacz	u	unassigned animal utilizations		
19761101			czaja	r	inhibition of rhesus mating		
19800403			robinson/chandrashekar	r	hypothalamo-hypophyseal funtional changes in aged rhesus females		
19961001	g00267	y196a	uno	r	synergic effect on hair growth combine with antiandrogen and minoxidil	true	
19720605			davenport	r	fetal thyroid study		
19731004			wolf	r	folliculogenesis		
19820603			goldfoot	r	maternal behavior project		
19881101	p00099	203	golos	r	expression of rhcg	true	
19930703	g00200		gould	r	metabolism of terpenes in rhesus macaques		
19951101	g00177	et68a	ershler	r	interleukin-6 and post-menopausal osteoporsis in rhesus monkeys	true	
19690638			lichstein	r	unknown		
19740302	g00101	pg49	center resources	u	bilateral ovariectomized monkeys	false	
19810302			goy	r	estrogen effects on the cortisol response (801)		
19851102	p00036	y196a	uno	r	androgen and baldness (shiseido)	true	
19910502	g00136	3065	coe	r	psychological factors and immunesenescence in old primates	true	
19691123			harlow	r	on hold		
19700202			weisbard	r	heart rate in reward discrimination		
19700501			allen/houser	r	terminal study of hypertension		
19710704			allen	r	preservative study		
19741102			wolf/dierschke	r	ovarian tansplantation to males		
19830401	g00101	pg49	nat'l. inst. of aging	u	center aging resource	false	
19860301			goldfoot pomerantz goy	r	organization of female sexual behavior		
19900701	p00123	prj18cx	kalin	r	development and regulation of emotion in primates	true	
19940602	g00235	eb59	kemnitz	r	comparison of high frequency dynamics of plasma insulin and glucose	true	
19990302	g00317	9114	binkley	r	assessment of the role of osteocalcin in calcium homeostasis	true	
19760413			goldfoot	r	olfaction study		
19810801	g00146	pp28	terasawa	r	hypothalamic control of gonadotropin secretion	true	
19850101			dr. reinhardt	r	behavioral studies in pens		
19911001	g00142	s452	macewen/kemnitz	e	dhea and lipid metabolism	true	
19960903	g00256	pg49	kemnitz	r	formation of dna profile databases for multiple non-human primate species	true	
19681242			stone	r	fetal incompatibility study		
19701202			suomi	r	surrogate mothering follow-up		
19790601			goy	r	naloxone study		
19850202			goy/lande	r	parental care elicitors		
19901005	p00103	701	kemnitz/hudson	e	energy regulation and growth	true	
19701004	g00101	pg49	eisele	u	on hold	true	
19720401			goldfoot	r	isosexual peer group		
19721007			davenport	r	rhesus maturation study		
19730201			allen	r	effect of chlorinated hydrocarbons on reproduction		
19760602			chandrashekar/wolf	r	effect of ovine antiserum on cl function		
19780401			center resources	u	center resource colony		
19811001	g00124	p221c	hellekant	e	sweet taste in primates	true	
19910904	v00486	803	salvato	r	the immunobiology of siv infection	true	
19921202	g00181	prj18df	kalin	r	neural circuitry of emotion-df	true	
19940201	g00192	prj22ch	colman	r	dietary restriction and aging in rhesus monkeys	true	
19940903	m00899	prj22ch	judd aiken	r	dietary restriction, mitochondrial DNA abnormalities and aging	true	
19730210			goy	r	castrate sex behavior (cpabcc)		
19750103			dierschke	r	pregnancies for vascular study		
19771102			terasawa	r	neuroendocrine model - ovariectomized rhesus monkeys		
19781001			robinson	r	hormone patterns in female rhesus macaques		
19830701			kemnitz/pomerantz	r	social facilitation / inhibition of eating		
19850701		701	kemnitz	r	obesity and energy regulation	true	
19890101	p00079		kraemer	e	developmental neurobiology of dopamine systems		
19940302	l00152	ed18e	ver hoeve	e	neural bases of visual deficit during aging	true	
19951203	g00256	pg49	hearn	r	formation of dna profile databases for multiple non-human primate species	true	
100404		on404	nonexperimental breeders	u	unassigned animal utilizations	true	
19681177			kerr	r	normal growth of infant stumptail monkeys		
19730219			goy	r	development of sex behavior (humble-pardon)		
19770502			mahoney	r	pilot study for fetal blood sampling		
19800201			bridson/abbott	r	sex differences in pituitary sensitivity		
19870201	p00036	y196a	uno	r	diazoxide in hair growth	true	
19940104	l00152	ed18e	spear	r	neural bases of visual deficits during aging	true	
19980702	g00311	pg49	schramm	r	rhesus monkey cloning	true	
19700603			kerr/waisman	r	on hold		
19760201			terasawa	r	diurnal plasma levels of lh and estrogen in chaired rhesus females		
19800302			goy/swanson	r	prolactin & stress		
19850901	p00070	pg49	uno	r	baldness therapy (l'oreal)	true	
19880801	p00075	4410	kalin	r	prenatal stress in primates	true	
19980101	g00198	en37	watkins	r	IBD MHC; study in a primate model	true	
100604			dewaal	u	unassigned animal utilizations		
19740307			center resources	u	center research resources		
19761001			czaja	r	inhibition of sexual behavior		
19861201	p00037		goy/rasmussen	r	reproductive success		
19900502	g00081	y196a	uno	r	sl-53 on baldness(shiseido)	true	
19930602	g00183	m811	weindruch	r	influence of aging and caloric restriction rbc life span	true	
19970502	g00146	gz75	terasawa	r	neuroendocrine aging	true	
100303		on303	genetics	u	unassigned animal utilizations	false	
19700207			wolf	r	androgen effect on ovarian function		
19760409			goy	r	development of sexual behavior in hermaphrodite groups		
19811101			goy/thornton	r	pseudo-hermaphrodite cycles		
19851001		806	ershler	r	thymosin study	true	
19910101	g00125	n121	kemnitz/lardy	e	effects of 7-oxo-dhea on liver	true	
19910401	g00101		center resources	u	sold to east carolina		
19931202	g00217	cn10	kemnitz	e	effects of ephedrine plus caffeine on energy expenditure	true	
19960101	g00509	prj23ea	capuano	b	spf breeding colony	false	
100611			sholl	u	unassigned animal utilizations		
19730303			van der werften bosch	r	precocity		
19750501			davenport	r	hormone response to trh (thyroid releasing hormone)		
19750701			davenport	r	neonatal hyperthyroidism		
19760704			leshner	r	cortisol fluctuations during menstrual cycle		
19790201			ernest	r	hypertensive effect on denervated eye		
19800603			dierschke	r	reproduction in cynomolgus(hormonal patterns)		
19820501			dierschke	r	endocrine changes in aging monkeys		
19861101			dierschke/houser	r	improvement of fertility in peripubertal monkeys		
19890202	p00117		stone	r	production of rhesus blood typing reagents		
19901001	g00103		riley	r	rhesus muscle healing		
19930802	g00194	aa44	uno	r	expression of keratin gene (procter and gamble)	true	
19960701	g00260	prj18cx	kalin	e	neural substrates mediating primate sleep and emotion	true	
19970702	g00282	pg51	pauza	e	preliminary testing of biological and chemical materials for research companies	true	
19971103	g00297	y196a	uno	e	effect of lantanoprost on follicular growth	true	
19980402	g00131	gs35	bavister	r	MCH defined and identical monkeys	true	
19710401			unknown	r	fetal liver biochemistry		
19711203			goy	r	development of social behavior		
19721003			bio-behavior	u	zoo troop 3		
19910301	g00131	201	bavister	r	early embryonic development in the rhesus monkey	true	
19920501	g00165	m811	weindruch	r	influence of aging and caloric restriction on fibroblast proliferation	true	
19930201	m00096		hokin	r	effect of lithium on macaque ip3 brain signalling		
19941101	g00242	af37a	binkley	r	cross sectional study of bone density	true	
19730206			goy	r	castrate sex behavior (b6itz)		
19891001	p00113	q213	mckinney	r	psychobiology of depression	true	
19920303	g00164	701	kemnitz	r	thirst and fluid regulation	true	
19710601			goy	u	hermaphrodism produced by testosterone		
19730215			goy	r	development of sex behavior (social)		
19730806			allen	r	bht metabolism study		
19800404			center resources	u	animals available for sale		
19801101			robinson	r	carbohydrate metabolism in aged rhesus monkeys		
19880101	p00081	701	kemnitz	r	intake of sweet and creamy solutions	true	
19690164	g00101	pg49	eisele	b	primate center breeding colony	true	
19710802			novak	r	effects of long-term fear on behavior		
19720606			davenport	r	pilot for prenatal thyroid study		
19731005			wolf	r	pregnancy hormone patterns		
19770202			robinson	r	androgens and male gonadotropins		
19881102	p00100	806	schultz	r	htlv1 vaccine study	true	
19930704	g00175	en37	watkins	e	studies of immune regulation in cottontop tamarins	true	
20040702	g00173	mt64	abbott	r	ru-486 in pcos	true	
19981001	m-0126	prj18cx	dejesus	r	evaluation of pet tracers in rhesus monkeys	true	
19740303	g00101	pg49	center resources	u	unilateral ovariectomized monkeys	true	
19760701			davenport	r	repeat reversal 76-l		
19770401			goy	r	testosterone replacement in neonatal castrates		
19810303			goy/abbott/robinson	r	pubertal male monkeys		
19870801		on604	goy-bercovitch-dewaal	r	behavioral endocrinology of adolescent male macques	true	
19940801	g00236	w931	binkley	r	effect of warfarin plus vitamin k in rhesus monkeys	true	
19980601	g00232	gs35	thomson	r	fetal fibrablasts for nuclear transfer	true	
19700502			de venecia	r	hypertension		
19710705			scheffler	r	on hold		
19760405	g00101		center resources	u	zoo breeding troop 1		
19810701			bioservices	n	evaluation of tethering system		
19841001			goldfoot/dewaal	r	social mediation of sexually dimorphic behavior patterns		
19900702	g00089	r144	kemnitz	e	effects of pioglitazone hcl on insulin sensitivity	true	
19940401	g00203	prj18cx	kalin	r	affective style: social and psychobiological substrates	true	
19981201	g00313	am66	duello	r	regulation of placental GnRH	true	
19680930			stone	r	immunogenetic studies on stumptail monkeys		
19730604			houser	u	hold-stimulus animals		
19810802	p00012	0629	bavister	r	rhesus in vitro fertilization	true	
19850102	g00101	pg49	center resources	u	in-vitro conceptions	true	
19860501		on102	ershler	r	augmentation of the vaccine response of elderly primates	true	
19900401	g00073	q811	uno	r	effect of pg103 on baldness	true	
19950701	g00213	s224	macewen	r	reversal of age-associated alteration inimmunologic function by dhea	true	
100616		on616	shultz	u	unassigned animal utilizations	true	
19780802			kemnitz	r	effect of maternal diabetes on fetal lung		
19790602			abbott/thornton	r	testosterone replacement in long-term male castrates		
19841201	p00002		dewaal	r	behavior of group living primates		
19931101	g00210	4483	kemnitz	r	efficacy of l-750,355 to stimulate metabolic rate	true	
100502			surgery	u	unassigned animal utilizations		
19660161			kerr/eisele	r	fetal project breeders		
19691036			sackett/bowman/tripp	r	acth study		
19721008			bridson	r	bridson project		
19760603			terasawa/dierschke	r	effect of pms treatment on puberty		
19780402			dierschke	r	ovarian function in postpartum monkeys		
19811002			goy/dewaal	r	sex related social strategies		
19850601		806	bridson	u	blood drawing saids	false	
19900601	g00063	701	kemnitz/wolden-hanson	e	cns insulin and energy regulation	true	
19910905	g00130	s750	holden-uno	r	brain dopaminergic study with pet	true	
19940202	g00228	y543a	binkley	e	the effects of bisphosphonate on ovariectomized monkeys	true	
100992			kathy taylor	u	unassigned animal utilizations		
19730211			goy	r	infant castrate study (harem)		
19771103			sholl	r	estrogen inhibition of steroids		
19781002			goy	r	infant - adoption		
19820101			wallow	r	diabetic retinopathy		
19830702			kalin/shelton	r	pituitary-thyroid		
19831001			goy/pomerantz	r	effects of prenatal hormones on male sexual behavior		
19850702	p00044		goy/bercovitch	r	male sexual activity		
19890401	g00192	prj22ch	kemnitz/weindruch	e	caloric restriction and aging	true	
19940303	g00223	205	thomson	r	nonsurgical embryo recovery and transfer	true	
19660386			sackett	r	mother peer reared animals as stimuli		
19690160			waisman	r	biochemistry breeders		
19731001			dierschke	r	ovariectomy and sex behavior (nonpaid)		
19740605			dierschke	r	ovarian circulation		
19800202			robinson	r	cycle irregularity in aged rhesus monkeys		
19840301			goy/pomerantz	r	effects of gonadal steroids on male sexual behavior in castrated males		
19940105	g00206	y196a	uno	r	effect of antiandrogen(roussel uclaf)	true	
19980703	g00311	bu18b	schramm	r	stem cells by nuclear transfer	true	
19691063			davenport	r	intelligence of thyroid-altered monkeys		
19800303			hellekant	r	behavioural tests of anti-bitter substances		
19850902	l00009		mineka/cook	r	observational fear		
19890601	p00120		goy	e	prenatal anti-androgen		
19970803	g00295	bm71	kemnitz	e	study of insulin sensitizing compound	true	
19980102	g00140	ba69a	abbott/saltzman	r	mechanisms of plural breeding in marmosets	true	
100605			dierschke	u	unassigned animal utilizations		
19680167			kerr/eisele	r	thyroid project breeders		
19710701			emmerich	r	crowding study-nsf-sos		
19760401			davis/toivola	r	csf monoamines		
19761002			scheffler/czaja	r	lipids & steroid assays		
19770101			goy	r	blood levels after androgen injections		
19800701			jean de rousseau	r	columbia university eye & joint study		
19810101			bridson/abbott	r	sacral nerve transection		
19871001	p00024	m396	kalin	r	mother/infant separation - hormones	true	
19881001	p00064		terasawa	r	male neuroendocrine study		
19920201	l00087	bl30	snowdon	r	evolution and development of primate speech analogues	true	
19970503	g00276	ka47c	watkins	e	immunization of rhesus with recombinant dna	true	
19971201	g00296	904	ziegler	r	sample collection for assay services	true	
100304		on304	bio assay	u	unassigned animal utilizations	true	
100913		y196a	uno	u	unassigned animal utilizations	true	
19690471			suomi	r	depression study		
19700208			wolf	r	steroid metabolism		
19760410			goy	r	development of sexual behavior in hypothalamic lesioned juvenile males		
19761201			robinson	r	thiogluclose effect on oogenesis & spermatogenesis		
19811102			rankin	r	tritiated dexamethasone clearance		
19820401			goy/suomi	r	mother		
19851002	p00072		goy	r	sex behavior of long term hermaphrodite		
19860101	p00061		goy/pomerantz/davis	r	effects of ly163502 on male sexual behavior		
19910102	g00101	pg49	hinshaw	u	primate center colony unassigned animals	false	
19910402	g00108	204	hearn	r	cellular and molecular regulation of implantation in primates	true	
100612		on612	terasawa	u	unassigned animal utilizations	true	
19750702			wolf	r	progesterone implantation in ovar. rhesus		
19760705			czaja	r	female control of mating		
19790202			goldfoot	r	parturition documentation		
19800801			goy/holman	r	maternal control		
19900101	p00102		dewaal	r	space and aggression		
19901002	g00109	y196a	uno/kemnitz	r	neurological effects of prenatal dexamethasone	true	
19930803	g00189	y196a	uno	r	hair growth in juvenile	true	
19970703	g00284	bl19	uno	r	effects of bms on follicular gromth in stumptailed macaques	true	
19691147			bowman	r	on hold psychochemistry		
19711002			bio-behavior	u	breed troop 4		
19711204			goy	r	soc. behav. devel., masculinized female and prenatally testosterone treated male		
19910302	g00128		benevenga/greer	r	serum ketone body concentrations in newborn rhesus macaques		
19910901	p00136	v607p	kalin	r	fear and emotions	true	
19920502	g00160	y271	weber	r	retinal ganglion cell changes in glaucomatous monkeys	true	
19730207			goy	r	castrate sex behavior (famuv)		
19741001			goldfoot	r	pheromone study		
19860401			borden/rosenweig	r	effect of interferon on plasma lipid levels		
100401	g00101	on401	clinical	u	clinical blood or surgery	false	
19660382			waisman	r	casein protein malnutrition		
19730216			goy	r	development of sex behavior (mounts)		
19740104			mike sell	r	noise control effects in rhesus		
19740601			wolf/meyer	r	hypophysectomy during pregnancy		
19880102	p00078		dierschke	r	use of subcutaneous inplants for peptide delivery		
19880401	p00018	9879	kalin	r	brain release compared to csf levels of crh,acth and clip in monkeys	true	
19940101	g00184	a238	wolff	r	parkinson`s disease therapy in macaques	true	
19950102	g00239	pg51	salvato	e	immunobiology of siv infection	true	
19721202			meyer	u	physiological effect on hypophysectomy		
19730701			goy/bielert	r	infant castrate study		
19950401	g00248	w006	wong	r	detection of bacillus cerus emetic activity	true	
19990401	g00327	cn10	kemnitz	e	regulation of food intake in rhesus monkeys	true	
100601		on601	bavister	u	unassigned animal utilizations	true	
19730101			rikkers	r	vitamin d metabolism study		
19760702			duncan	r	oral administration of clostridium perfringens		
19770402			goy	r	hemicastration effects on remaining ovary		
19810304			chesney/bergdoll	r	tampon study		
19940802	g00232	fp53a	thomson	r	primate embryonic stem cells	true	
19980602	g00310	pg51	salvato	e	immunobiology of arenavirus	true	
19690851			harlow/ruppenthal	r	multiple separations of infant monkeys		
19700204			wolf/meyer	r	hypox		
19700503			sackett/suhr	r	conditioned ejaculation, part ii		
19741104			center resources	n	aging study		
19760101			silverman/mahoney/robinson	r	determination of neurophysin, oxytocin, and estradiol in pregnant rhesus		
19760406	g00101	pg49	bio-behavior	u	artificial breeding troop	false	
19841002			dewaal	r	dominance and social bonding		
19920701	g00167	202	schatten	r	microtubule organization during monkey fertilization	true	
19940402	g00174	998	clarke	r	effects of early rearing conditions	true	
100608			goy	u	unassigned animal utilizations		
19730605			houser	u	rearing procedures for potential breeders		
19810803			kemnitz/farrell	r	nutrition and metabolism in infant lung disease (scor)		
19850103			kemnitz	r	physical activity during pregnancy		
19860502			goy	r	activity monitoring in different cage sizes		
19900402	g00069		kaufman	r	silicone lens implantation in presbyopic rhesus monkeys		
19931001	g00208	4483	kemnitz	e	the combined effect of pzg and metoprolol on lipid levels	true	
19760301			center resources	u	hypophysectomized and ovariectomized females		
19771201			bridson	r	effects of ovariectomy on pituitary gonadotrophin secretion		
19931102	g00204	u904	knechtle	r	immunologic tolerance in primates	true	
19980201	g00305	pu89	abbott	r	effects of triptolide on male marmoset fertility	true	
100503		on503	clinical	u	unassigned animal utilizations	true	
19701006			eisele	u	vasectomized males		
19730203			goldfoot	r	restricted mother infant group		
19751002			center resources	u	hypothalamic lesions		
19760604			mahoney/eisele	r	young female development		
19790101			center resources	u	cyno breeding colony		
19850602			goy/neff/kramer/eisele/hemple	r	problems in primaparous behavior		
19861001	l00018		sholl	r	fetal brain steroids		
19900602	g00101	r564	procyte corporation	u	procyte supported	false	
19900901	g00096	y196a	uno	r	brain dopaminergic system study with pet	true	
19940203	g00220	y543a	ershler	r	effect of ovariectomy on bone mineral density in rhesus monkeys	true	
100993			innovative biologics incorp	u	unassigned animal utilizations		
19720801			goy/eisele	r	goy/eisele study		
19730212			goy	r	infant castrate study (orgasim)		
19730803			wolf	r	implantation contract study		
19781003			center resources	u	neonatal hyperthyroidism		
19800401			stone	r	immunogenetics-blood drawing		
19820102			goy/pomerantz	r	female proceptive behavior		
19920401	g00169	m811	weindruch	r	influence of aging and caloric restriction on rbc antixidant enzyme	true	
19930101	l00122	b219	laughlin	r	alterations of lead toxicity in monkeys	true	
19961201	g00271	701	kemnitz	r	endometriosis mri scanning	true	
19990501	g00148	apix	abbott	r	social regulation of reproductive neuroendocrinology	true	
19990601	g00320	metris	emerson	r	endometriosis confirmation via laporoscopy in rhesus monkeys	true	
19980501	g00131	bu18b	bavister	r	therapeutic implications of primate primordial stem cells	true	
19970802	g00232	bu18b	thomson	r	primate embryonic stem cells	true	
19990701	g00332	prj23ea	capuano	b	colony management in marmosets	false	
19990702	g00173	pu89	abbott	r	oocyte competency in prenatally androgenized monkeys	true	
19970101	g00269	hf40b	binkley	r	the effect dietary calcium and vitamin d content on skeletal turnover in monkeys	true	
19991001	g00311	pg51	schramm	r	immunogenetics development	true	
19991201	g00340	kx84	snowdon	r	functional mri of sexual motivation in nonhuman primates	true	
19991202	g00173	pu89	abbott	r	andronized female rhesus as model for pcos	true	
20000201	g00341	0014a	binkley	r	vitamin d3 study in female rhesus	true	
20000202	g00240	ka47c	watkins	e	ctl based vaccines for the aids virus: infection	true	
20000203	g00276	ka47c	watkins	e	ctl based vaccines for the aids virus: vaccination	true	
20000204	g00261	ka47c	watkins	r	ctl based vaccines for the aids virus: adoptive transfer	true	
20000205	g00240	ka47c	watkins	e	peptide based vaccines for primate model of aids: infection	true	
20000206	g00276	ka47c	watkins	e	peptide based vaccines for primate model of aids: vaccination	true	
20000207	g00276	nr67	watkins	e	immunization of rhesus with recombinant dna: aging supported	true	
20000208	g00240	ka47c	watkins	e	siv infection	true	
20000302	g00342	synt	abbott	r	oral delivery of biotherapeutics	true	
20000303	g00328	jc63	ramsey	e	dietary restriction and energy expenditure	true	
20000401	g00334	jq79	kraemer	r	effects of juvenile experience on maternal psychobiology	true	
20000501	g00281	jj83	coe	e	predictors of variation in response to flu vaccination	true	
20000601	g00382	prj18cx	kalin	r	invivo examination of brain systems	true	
20000802	g00349	km22	colman	r	abscence of estrogen-depletion bone loss in marmosets	true	
20000901	g00311	kr58	schramm	r	embryo splitting	true	
20001002	g00352	z709	kemnitz	e	regulation of food intake in rhesus monkeys	true	
20001003	g00344	fp61	terasawa	e	embryonic stem cell implant on rhesus monkey	true	
20001102	g00180	pg49	parks	r	laboratory training protocol	false	
20001104	g00101	hy49	populin	r	animal selection	false	
20001201	g00350	le37	kalin	e	effects of psychcological stress on healing in non human primates	true	
20000301	g00148	km22	abbott/saltzman	r	mechanisms of psychosocial suppression of cortisol	true	
20010101	g00146	gore4	terasawa	r	estrogen influence on neuroendocrine aging	true	
20010302	g00347	js35	kemnitz	e	siv model in rhesus-bucy	true	
20010303	g00357	t844	strother	e	infusion in an acute cerebral ischemia model	true	
20010403	l00287	jj83	coe	r	flu vaccinations in young and old monkeys	true	
20010501	g00343	prj18cx	kalin	r	development of emotions: role of amygdala and orbitofrontal cortex	true	
19960401	g00101	pg49	schultz-darken	b	marmoset breeding colony	false	
19930401	g00168	matc	hearn	r	matc training program	true	
20010702	g00366	ne43	ziegler	r	physiological determinants of marmoset paternal behavior	true	
20001103	g00351	dq03b	kalin	e	the role of the amygdala in mediating primate sleep and anxiety	true	
20030601	g00405	km22	colman	r	physiology of preserved bone mass in marmosets	true	
20020201	g00509	prj23ea	capuano	u	spf stock animals	false	
20020302	g00124	pg49	hellekant	e	sweetener video tape	true	
20051004	g00496	z623	knechtle	r	use of crb-15 to prevent rejection in monkey recipients of renal allografts	true	
20020501	g00389	et88	tannenbaum	r	af-2364 male contraceptive	true	
19900501	g00074	jw45a	wolff	r	direct gene transfer into primate muscle	true	
20011001	m01463	jw45a	wolff	r	direct gene transfer into primate muscle	true	
20020901	g00377	kt87	golos	r	reproductive tract gene therapy	true	
20020902	g00395	fd77	abbott	r	proof of concept that gnrh 11 stimulates sexual behavior	true	
20021002	g00373	nr68	watkins	r	active t-cell passive antibody neutralization of siv	true	
20021101	g00403	pf72	golos	r	transgenic nonhuman primates	true	
20021201	g00173	s026	abbott	r	metabolic dysfunction in prenatally androgenized male rhesus	true	
20030101	g00311	ln89	schramm	r	maturing and freezing monkey oocytes	true	
20030102	g00311	nb27	schramm	r	non-human embryo gene expression	true	
20030201	g00391	lj90a	kamp	e	regeneration of rhesus myocardium with embryonic stem cells	true	
20030301	g00393	ffbh	walz	r	generation of macaque models for genetic hearing/vision loss	true	
20030402	g00339	lf10	tanumihardjo	r	vitamin a status assessment in non human primates	true	
20030501	g00173	mb43	abbott	r	prenatally androngenized rhesus	true	
20030602	g00424	qu31	terasawa	r	the study of the hypothalmus	true	
20030701	g00370	fs78	kemnitz	r	primate model of menopausal hot flashes	true	
20030702	g00366	zah3	ziegler	r	behavioral paragon for male parenting	true	
20030704	g00425	nr67	watkins	r	transmission of aids viruses through an mhc-defined population	true	
20030801	g00427	nr67	watkins	r	significance of the major histocompatibility complex	true	
20030901	g00173	pu89	abbott	r	ivf under dietary restriction	true	
20031003	g00354	ls13	svendsen	r	neural stem cells for brain repair	true	
20031101	wprc00	prj23ea	capuano	v	disease pairing exempt (retrovirus)	false	
20031103	m01481	4204c	wolff	r	intravascular delivery of erythopoitin plasmid dna to primate muscle	true	
20040101	v00614	w046a	duncan	r	glial cell transplantation and the biology of the myelin mutants	true	
20040201	m01612	jk86	dejesus	r	evaluation of pet imaging agents in rhesus	true	
20030603	g00423	pf72	golos	r	nonhuman primate embryology and development	true	
20040302	g00360	fp61	zhang	r	stem cell transplantation	true	
20040304	g00438	gb98	kemnitz	r	bioavailable testosterone by displacement	true	
20040502	g00450	ja56	rakasz	r	mucosal inflammatory foci as portals of cell associated hiv virus entry	true	
20040601	g00452	pp28	terasawa	r	the study of the neuroendocrine hypothalamus	true	
20040602	g00452	qu31	terasawa	r	the study of the neuroendocrine hypothalamus-puberty	true	
20040801	g00448	fw50	montgomery	r	phsiology/pathophsiology of the basal ganglia-thalmic-cortical system	true	
20040802	l00355	prj18cx	kalin	r	characterization of the anxious endophenotype	true	
20040804	m01822	fu40	fernandez	r	enhancing the quality of isolated pancreatic islets for cure of diabetes	true	
20040805	g00445	gg82	kemnitz	r	embryonic stem cell recovery	true	
20041101	l00361	prj18df	kalin	r	genetic markers of inhibition-df	true	
20041201	g00474	u001	abbott	r	effects of corticotropin releasing hormone on maternal behavior	true	
20041202	g00466	4204c	wolff	r	muscle based gene therapy in chronic animals	true	
20050101	g00469	hz11	emborg	r	ass'mt of neuroprotection by lentiviral delivery of gdnf to parkinson's model	true	
20050201	g00478	hz11	emborg	r	gdnf secreting stem cells for treatment of parkinson's disease	true	
20050102	g00101	prj23ea	capuano	t	management procedures & techniques	false	
20031002	g00408	lf33b	karasov	r	hydrosoluble nutrient absorption by primates	true	
20050103	g00101	sfbr6	schultz-darken	u	southwest foundation animals	false	
20050301	g00470	gw65	watkins	r	live attenuated siv vaccination of rhesus macaques	true	
20050401	g00485	fz85	kemnitz	r	regulation of food intake in rhesus macaques, anti-obesity efficacy study	true	
20050403	g00483	hz11	emborg	r	transplantation of cells for neural restoration in parkinsonian monkeys	true	
20050502	m01915	fu40	fernandez	r	development of methods to improve isolated pancreatic islet function	true	
20050601	g00484	gr49	hematti	r	diff'tion of embryonic stem cells/ex vivo expansion of bone marrow hp cells	true	
20050603	m01863	5005a	jensen	r	development of serum osmolality reference in non-human primates	true	
20050604	g00471	pf72	golos	r	nonhuman primate embryonic stem cell in vivo development	true	
20050605	g00473	prj15eb	watkins/friedrich	r	host factors in long-term control of aids virus replication	true	
20050801	m01298	hp99	knechtle	r	a pre-clinical model of renal transplant tolerance induction	true	
20050802	g00363	ny88	oconnor	r	evaluation of aids virus specific ctl	true	
20051001	g00366	ljs1	ziegler	r	oxytocin measurement in callithrix jacchus	true	
20051002	g00474	ucr1	abbott	r	effects of crh (corticotropin releasing hormone) on maternal behavior	true	
20051003	g00476	nr67	watkins/chung	r	sivmac239 challenge of macaques adopt'ly transfered w/siv-specific ctl clones	true	
20051101	g00497	hz11	emborg	r	gdnf secreting stem cells for treatment of parkinson's disease-phase 2	true	
20051201	g00494	hq24	golos	r	gonadotropin analogs for fertility regulation	true	
20051202	g00496	hn55	knechtle	r	use of mut-2 to prevent rejection in monkey recipients of renal allografts	true	
20051203	g00486	hn81	kemnitz	r	restoration of first phase insulin secretion	true	
20060203	g00500	hp99	knechtle	r	a pre-clinical model of renal transplant tolerance induction	true	
20060301	g00173	pt58	abbott	r	body composition in pcos	true	
20060302	g00492	hr85	emborg	r	activation of neuroprotective pathways (pioglitazone)	true	
20060401	g00501	nr67	watkins/wilson	r	vaccinate w/all siv proteins except env may prevent disease low dose challenge	true	
20060501	g00505	hd82	kemnitz	r	digestive strategies, diet and nutrition in old world monkeys	true	
20060502	g00489	vah1	kemnitz	r	dbs stimulation and obesity	true	
20060601	g00506	hq04	abbott	r	marmoset model of female hyposexuality	true	
20060701	g00498	ph54	schultz-darken	r	brain function and social affiliation	true	
20060702	g00507	prj19et	watkins/reynolds	r	delta nef vaccination	true	jh
20060703	g00148	hq04	abbott	r	marmoset model of female hyposexual function	true	
20060901	g00474	pu06	abbott	r	stress and maternal behavior in marmosets	true	
20060902	g00510	qu31	terasawa	r	kisspeptin and puberty	true	
20061201	g00500	qg15	knechtle	r	pre-clinical model of renal transplant tolerance using chemokine blockade	true	
20061202	g00363	ny88	oconnor	r	immunogenetics of primates used for bioterror research	true	
20061203	g00363	qw63	oconnor	r	siv cellular immunity in mauritian cynos	true	
20061204	g00363	qw63	oconnor	r	adoptive transfer of siv-specific immunity	true	
20070201	g00500	nm79	knechtle	r	post transplant donor cell infusion	true	
20070302	g00517	qw63	oconnor	r	adoptive transfer of siv-specific immunit	true	
20070303	m02110	fu40	fernandez	r	strategies to counter brain-death effects on islet quality in nonhuman pri	true	
20070401	g00473	ps20	watkins/friedrich	r	host factors in long-term control of aids virus replication	true	thomas friedrich
20070402	g00520	prj23dn	watkins	r	comparison of protective capability of 4 broadly neutralizing monoclonal antibo	true	eva rakasz
20070404	g00485	jl18	kemnitz	r	pharmacology for obesity and its complications	true	w. newton
20070403	g00513	qc92	schultz-darken	r	topical microbicide against siv and chlamydia	true	k potratz
20070701	g00526	ph54	ziegler	r	neuroendrocrine/behavioral control of paternal behavior in common marmosets	true	prudom
20070703	g00500	qg15	knechtle	r	tmem/treg following t-cell depletion in transplantion	true	dobbert
20070802	g00532	kc56	kemnitz	r	obesity/diabetes/aging: characterization/treatment w/agent 765	true	wn
20070803	m01486	qf23	basso	r	visual target selection for saccadic eye movements	true	mb
20071001	g00533	do98	robbins	r	validation of tongue volume measures	true	crosno
20071002	g00409	prj23dn	watkins/wilson schlei	r	vaccination with early siv proteins may prevent disease using low-dose challenge	true	wilson schlei
20071003	g00531	qw78	capuano/kemnitz	r	evaluation of chimeric dengue vaccines	true	m. dobbert
20071101	m01612	pw40	dejesus	r	new dopamine d1 agonists as pet imaging agents	true	nsd
20071201	g00527	ka28	oconnor	r	reconstructing hiv sequence histories to identify potent immune responses	true	dawn dudley
20080101	g00363	qw63	oconnor	r	evaluation of siv specific immunity in mhc-matched cynomoolgus macaques	true	shelby oconnor
20080301	g00526	zah4	ziegler	r	male marmoset responsiveness to infant stimuli	true	s. zahed
20080302	g00519	prj11nq	schultz-darken	r	behavioral studies of face recognition in marmoset monkeys	true	n. schultz-darken
20080401	g00473	prj23dr	frierich/watkins	r	immune response to pre-escaped siv	true	l. valentine
20080402	g00347	qc46	schultz-darken	r	cytokine assays for in vitro implantation model	true	nsd
20080501	g00555	prj23dz	capuano	r	appropriate dietary vitamin d levels in indoor housed common marmosets	true	nsd
20071103	g00363	prj23ek	watkins	r	eval of aids virus specific cytotoxic t-lymphocytes in siv-infected macaques	true	n. wilson-schlei
20071104	g00473	prj23ek	watkins	r	host factors in long-term control of aids virus replication	true	n. wilson-schlei
20071105	g00480	prj23ek	watkins	r	semen-mediated transmission study of siv upon inflamed genital tract	true	n. wilson-schlei
20000902	g00347	prj23dr	capuano	r	tissue procurement	true	
20071102	g00541	prj23dr	rakasz	r	mucosal ulcers as portals of cell-associated siv virus entry	true	rakasz
20010401	g00311	prj23dz	schramm	r	mhc defined identical monkeys	true	
20040803	g00455	prj23dz	schramm	r	assisted reproductive technologies in african green monkeys	true	
20061101	g00511	prj23dz	kemnitz	r	production of genetically defined and identical nonhuman primates	true	
20000801	g00347	prj23ef	schultz-darken	r	preliminary screening by CPI	true	
19940106	g00218	prj23eg	watkins	r	mhc of the rhesus monkeys	true	
19940102	g00216	prj23eg	pauza	e	immunobiology of siv and shiv	true	
19950602	g00176	prj23eg	watkins	r	reactive arthritis in rhesus monkeys	true	
19971001	g00289	prj23eg	rakasz	e	novel therapeutic approaches for aids utilizing an siv model	true	
19960702	g00178	prj23eg	watkins	r	dna profiling of primates used in biomedical research	true	
19960601	g00261	prj23eg	watkins	r	cells expressing siv antigens as a vaccination	true	
19990602	g00101	prj23eg	watkins	r	mhc production colony	true	
20001101	g00178	prj23eg	watkins	r	linkage studies-j. rogers	true	
20010601	g00364	prj23eg	watkins	r	cellular immune response to hiv in pregnancy and infancy	true	
20010801	g00367	prj23eg	watkins	r	feasibility study of influenza infection in rhesus macaques	true	
20010802	g00363	prj23eg	watkins	r	ctl-based vaccines for the aids virus	true	
20011002	g00178	prj23eg	watkins	r	dna profiling of primates used in biomedical research	true	
20011004	g00372	prj23eg	watkins	r	functional significance of ctl escape by the aids virus	true	
20011101	g00374	prj23eg	rakasz	r	alloimmunization hiv-1 vaccine strategy	true	
20020202	g00385	prj23eg	watkins	r	pathogenesis of mucosal transmission/HIV acute transmission	true	
20020303	g00386	prj23eg	rakasz	r	pilot studies for immunological assays	true	
20020702	g00394	prj23eg	watkins	r	low dose virus exposure	true	
20020801	g00400	prj23eg	watkins	r	pilot studies for heterosexual siv transmission in rhesus macaques	true	
20030202	g00409	prj23eg	watkins	r	vaccination with early siv proteins	true	
20030401	g00388	prj23eg	kemnitz	r	pre existing inflammation as an amplifier for viral propagation in siv	true	
20030703	g00421	prj23eg	watkins	e	recombinant chlamydia as a vaccination vector against hiv/siv infection	true	
20031001	g00429	prj23eg	watkins	r	pathogenesis of acute siv infection	true	
20031201	g00414	prj23eg	watkins	r	adenoviral challenge of vaccinated old animals	true	
20040303	g00447	prj23eg	watkins	r	female to male heterosexual siv transmission in rhesus macaques	true	
20040501	g00451	prj23eg	watkins	r	titration of siv mac239 in vivo	true	
20040701	g00458	prj23eg	watkins	r	immunogenicity of dendritic cell vaccine	true	
20050402	g00480	prj23eg	watkins/kaizu	r	semen-mediated transmission study of siv upon inflamed genital tract	true	
20060201	g00363	prj23eg	oconner	r	genomic typing with micro satellites	true	
20061102	g00508	prj23eg	watkins	r	semen mediated anal transmission study of siv	true	
20070702	g00527	prj23eg	watkins/wilson	r	preliminary screening of animals for research projects and tissue sampling	true	wilson-schlei
19971202	g00296	prj23ee	ziegler	r	sample collection for assay services	true	
19960901	g00266	prj23ee	ziegler	r	social regulation of fertility in marmosets	true	
19941201	g00138	prj23ee	abbott	r	in vitro bioassay for luteinizing hormone	true	
19920304	g00148	prj23ee	abbott	r	hypothalamic mechanisms mediating social suppression of reproduction	true	
20001202	g00148	prj23ee	abbott	r	saliva samples for assay validation	true	
19971203	g00296	prj23ee	ziegler	r	sample collection for assay services	true	
19970901	g00280	prj23ei	binkley	e	skeletal effects of therapeutic anticoagulation administration	true	
20010701	g00355	prj23ei	ramsey	e	effects of hypothalmic electrical stimulation on food intake in rhesus	true	
300901	g00101	prj23ea	clinical	u	clinical blood or surgery	false	
19990301	g00324	prj23ea	watkins	e	vaccines for sexual transmission of siv	true	
19950101	g00101	prj23ea	center resources	v	temporary veterinary exempt	false	
19990303	g00289	prj23ea	rakasz	e	novel therapeutic approaches for aids utilizing an siv model	true	
19970601	g00147	prj23ea	golos	r	reproductive services	true	
19980301	wprc00	prj23ea	capuano	v	behavior pairing exempt(aggression)	false	
20000502	g00345	prj23ea	connor	e	validation of tongue volume measures	true	
20001001	wprc00	prj23ea	capuano	q	quarantine	false	
20010201	g00349	prj23ea	colman	r	bone mass and aging in marmosets- by r. colman	true	
20010202	g00509	prj23ea	capuano	r	potential animals for spf colony	false	
20010203	g00101	prj23ea	capuano	r	spf identified animals	false	
20010301	g00101	prj23ea	capuano	u	short term project assignments	false	
20010402	g00359	prj23ea	golos	r	biology of the primate reproductive tract	true	
20011003	g00375	prj23ea	watkins	r	pilot study of vaccine strategies to prevent transmission of siv	true	
20020301	g00101	prj23ea	capuano	u	ac-iacuc colony	false	
20021001	g00404	prj23ea	colman	n	nia set-aside aging colony	false	
20031102	wprc00	prj23ea	capuano	v	permanent veterinary exemption (cage size)	false	
20031104	g00101	prj23ea	capuano	r	primate center training	false	
20040301	g00101	prj23ea	capuano	r	temporary maintenance procedures for preservation of research animals	false	
20050501	m01863	prj23ea	jensen	r	development of serum osmolality for nonhuman primates	true	
20050602	g00101	prj23ea	capuano	u	pre-assignment physicals	false	
19970301	wprc00	prj23ea	capuano	m	condition pairing exempt (medical)	false	
20060202	wprc00	prj23ea	capuano	v	research pairing exempt	false	
20061001	g00509	prj23ea	capuano	b	conventional breeding colony	false	
20070202	g00101	prj23ea	capuano	u	conventional stock animals	false	
20070301	g00509	prj23ea	capuano	u	potential animals for spf colony	false	
20070304	wprc00	prj23ea	capuano	c	under consideration for assignment	false	
20070305	wprc00	prj23ea	capuano	p	assignment pending	false	
20070405	g00524	prj23ea	kemnitz	r	acceptability and tolerability of high-fat diet in rhesus macques	true	e. manz
20070705	g00519	prj23ea	schultz-darken	r	behavioral studies of face recognition in marmoset monkeys	true	nsd
20070704	g00529	prj23ea	schultz-darken	r	maternal and infant care relationships in callithrix jacchus	true	nsd
20070801	g00101	prj23ea	capuano	u	marmoset stock animals	false	b friscino
20080502	g00473	prj23ek	watkins/friedrich	r	host factors in long term control of aids virus - elite control	true	n. wilson schlei
20080601	g00559	prj15eb	watkins/wilson	r	functional significance of ctl escape-mamu b*08	true	j. loffredo
20080808	99998888	prj23dy	tom	r	test project	false	tom
20080602	g00538	prj25ep	emborg	r	primate model of parkinson's disease with the use of 6-ohda and mptp	true	v. joers
20080603	g00561	qj07	watkins	r	minigene vaccination with early proteins	true	jonah sacha
20080604	g00554	prj14ix	emborg	r	convection-enhanced delivery of therapeutic agents to the putamen	true	v. joers
20080701	g00548	prj14sl	schultz-darken	r	physiological specificity of toxicity of A. actinomycentemocomitans leukotoxin	true	eric peterson
20080702	g00507	nr67	watkins	r	delta nef vaccination-biopsies	true	nancy wilson schlei
20080703	g00558	prj21tp	duncan	r	a marmoset model of multiple sclerosis	true	nsd
20080705	g00562	prj14ie	golos	r	primate endometrial responses to placental mhc class 1 molecules	true	r. durning
20080704	g00517	qw63	o'connor	r	eval of invivo correlates of protection to hiv in siv infected macaques	true	j. greene
20080901	g00566	prj15jh	friedrich	r	nonhuman primate models for pandemic influenza vaccines	true	t. friedrich
20080902	g00569	prj17wu	emborg	r	pioglitazone absorption into the cerebral spinal fluid	true	v. joers
20081001	g00451	prj23dp	watkins	r	titration of siv e660 in vivo	true	m. reynolds
20081002	g00551	9976	albright	r	intraventricular anode to facilitate epidural motor cortex stimulation	true	k. nephew
20081003	g00544	prj12lu	watkins	r	vaccine regimens to induce cd4+ & cd8+ t cells against siv epitopes	true	l. vojnov
20081101	g00245	prjlp60	t. golos	r	a primate model of maternal-fetal immune tolerance	true	r. durning
20081102	g00560	prj14vg	r. colman	r	novel techniques for analysis of bone mineral balance	true	r. colman
20090101	g00181	nt49	kalin	r	neural circuitry of emotion-49	true	hvv
20090102	g00181	prj18ut	kalin	r	neural circuitry of emotion-ut	true	hvv
20090103	l00361	nt49	kalin	r	genetic markers of inhibition-49	true	hvv
20090104	l00361	prj18ut	kalin	r	genetic markers of inhibition-ut	true	hvv
20090201	g00577	pf72	t. golos	r	primate maternal-fetal immune dialogue and pregnancy success	true	r. durning
20090202	g00101	prj14gv	capuano	u	transitional holding	false	svc
20090203	g00526	prj21yp	t. ziegler	r	neuroendocrine control of paternal behavior in the common marmoset	true	t. ziegler
20090301	g00570	prj23bn	emborg	r	dopaminergic ips transplants to mptp-treated monkeys	true	svc
19971102	g00300	prj22ch	kemnitz	r	glucose clamp procedure with muscle and liver biopsies in rhesus monkeys	true	
19971204	g00302	prj22ch	fowler	r	auditory function in aged rhesus monkeys	true	
20090302	g00578	qj07	wilson/watkins	r	efficacy of yellow fever vectors as t cell based vaccines	true	n. wilson schlei
20090402	g00501	prj23ek	watkins/wilson	r	elite controller resource (merck 3)	true	j. loffredo
20090401	g00451	prj23ek	watkins	r	elite controller resource (virus titration)	true	j. loffredo
20090403	g00559	prj23ek	watkins	r	elite controller resource (mamu-b*08)	true	j. loffredo
20090404	g00409	prj23ek	watkins/wilson schlei	r	elite controller resource (merck 2)	true	j. loffredo
20090405	g00507	prj23ek	watkins	r	elite controller resource (siv delta nef)	true	j. loffredo
20090406	g00583	upr19	schultz-darken	r	naturally occurring eye disease in rhesus macaques	true	w. newton
20090407	g00591	prj22as	kaufman	r	extralenticular aspects of accommodation and presbyopia	true	m. croft
20090408	g00591	prj22as	kaufman	r	ciliary muscle aging	true	m. croft
20090409	g00591	6005	kaufman	r	lens ar - laser study - randy frey group	true	m. croft
20090410	g00591	6005	kaufman	r	nulens intra-ocular lens study	true	m. croft
20090412	g00580	6005	kaufman	r	pharmaceutical studies	true	b. gabelt
20090411	g00580	bu20	kaufman	r	kaufman general pool	true	b. gabelt
20090413	g00580	bu20	kaufman	r	pg/dextran	true	b. gabelt
20090501	g00582	sb11	capuano	r	neurovirulence testing of live attenuated rubella vaccine virus in cyno	true	nsd
20090502	g00579	gsub	schultz-darken	r	social exchange and concept of value in nonhuman primates	true	nsd
20090503	g00585	hpp1	kemnitz	r	the effects of oral treatment in dyslipidemic rhesus monkeys	true	schultz-darken
20090601	g00545	prj25ay	watkins	r	immunogenicity of malaria vaccines in rhesus macaques	true	e. rakasz
20090602	g00580	bu20	kaufman	r	anterior ocular segment physiology and pharmacology	true	g. mcdonald
20090701	g00101	sb11	capuano	u	measles project holding	false	s. capuano
20090702	m01398	5158	nork	r	role of outer retinal injury in glaucoma	true	k. munsey
20090703	g00593	sb11	capuano	r	neurovirulence testing live attenuated measles vaccine virus in cynos	true	j. post
